Degree, AIC, BIC, Reduced Chi-Square, RSS, Estimated Variance
1, -33004.287411825964, -32980.57694916835, 1.0001500225033757, 3839.0229839469407, 0.19195114919734704
2, -33036.7910522033, -32989.37012688808, 1.0003000900270078, 3831.6392756999417, 0.1915819637849971
3, -33202.908133353274, -33123.873257827916, 1.0005002501250626, 3798.4263665070243, 0.18992131832535122
4, -33220.18873505827, -33101.63642177023, 1.0007505629221916, 3793.248730694795, 0.18966243653473974
5, 68573.89731110321, 68739.87054970647, 1.0010511036588416, 615433.6486664154, 30.77168243332077
6, 609165.1370467439, 609386.4346982149, 1.001401962747847, 3.3702867304839194e+17, 16851433652419.598
