Comparison,d_small,d_large,RSS_small,RSS_large,Delta_RSS,parameter_small,parameter_large,F_stat,p_value,CI_lower,CI_upper,Significant
d0_vs_d1,0,1,943.3574428330201,943.3328459234913,0.024596909528781907,1,3,0.0912,9.1282e-01,0.0247,3.6030,No
d1_vs_d2,1,2,943.3328459234913,941.006443887683,2.3264020358083144,3,6,5.7636,6.2165e-04,1.8485,80.1309,Yes
d2_vs_d3,2,3,941.006443887683,940.4461284413775,0.5603154463054807,6,10,1.0412,3.8427e-01,0.3735,8.5981,No
d3_vs_d4,3,4,940.4461284413775,946.7074222504879,-6.261293809110384,10,15,-9.2394,1.0000e+00,-3.5975,-55.5867,No
d4_vs_d5,4,5,946.7074222504879,54455.84557008233,-53509.13814783184,15,21,-1142.9452,1.0000e+00,-474.2447,-5543.3467,No
d5_vs_d6,5,6,54455.84557008233,17005259442100.652,-17005259387644.807,21,28,-996.0000,1.0000e+00,-435.0589,-4126.7424,No
